rule_id,containment_threshold,iou_threshold,area_ratio_threshold,same_label_required,matches,false_negatives,false_positives,combined_errors,removed_count,safe,safety_reasons,case_66,case_67,case_84,case_97,case_110,case_155,case_166
r001,0.8,none,0.03,True,181,38,24,62,1,True,,8/0/5,10/1/3,8/5/0,1/0/1,3/4/1,2/0/1,1/0/0
r002,0.8,none,0.03,False,181,38,23,61,2,True,,8/0/5,10/1/3,8/5/0,1/0/1,3/4/1,2/0/1,1/0/0
r003,0.8,none,0.05,True,181,38,24,62,1,True,,8/0/5,10/1/3,8/5/0,1/0/1,3/4/1,2/0/1,1/0/0
r004,0.8,none,0.05,False,181,38,23,61,2,True,,8/0/5,10/1/3,8/5/0,1/0/1,3/4/1,2/0/1,1/0/0
r005,0.8,none,0.08,True,181,38,24,62,1,True,,8/0/5,10/1/3,8/5/0,1/0/1,3/4/1,2/0/1,1/0/0
r006,0.8,none,0.08,False,181,38,23,61,2,True,,8/0/5,10/1/3,8/5/0,1/0/1,3/4/1,2/0/1,1/0/0
r007,0.8,none,0.1,True,181,38,23,61,2,True,,8/0/5,10/1/3,8/5/0,1/0/1,3/4/1,2/0/0,1/0/0
r008,0.8,none,0.1,False,181,38,22,60,3,True,,8/0/5,10/1/3,8/5/0,1/0/1,3/4/1,2/0/0,1/0/0
r009,0.8,none,0.15,True,181,38,23,61,2,True,,8/0/5,10/1/3,8/5/0,1/0/1,3/4/1,2/0/0,1/0/0
r010,0.8,none,0.15,False,181,38,22,60,3,True,,8/0/5,10/1/3,8/5/0,1/0/1,3/4/1,2/0/0,1/0/0
r011,0.8,none,0.2,True,181,38,23,61,2,True,,8/0/5,10/1/3,8/5/0,1/0/1,3/4/1,2/0/0,1/0/0
r012,0.8,none,0.2,False,181,38,22,60,3,True,,8/0/5,10/1/3,8/5/0,1/0/1,3/4/1,2/0/0,1/0/0
r013,0.8,0.0,0.03,True,181,38,24,62,1,True,,8/0/5,10/1/3,8/5/0,1/0/1,3/4/1,2/0/1,1/0/0
r014,0.8,0.0,0.03,False,181,38,23,61,2,True,,8/0/5,10/1/3,8/5/0,1/0/1,3/4/1,2/0/1,1/0/0
r015,0.8,0.0,0.05,True,181,38,24,62,1,True,,8/0/5,10/1/3,8/5/0,1/0/1,3/4/1,2/0/1,1/0/0
r016,0.8,0.0,0.05,False,181,38,23,61,2,True,,8/0/5,10/1/3,8/5/0,1/0/1,3/4/1,2/0/1,1/0/0
r017,0.8,0.0,0.08,True,181,38,24,62,1,True,,8/0/5,10/1/3,8/5/0,1/0/1,3/4/1,2/0/1,1/0/0
r018,0.8,0.0,0.08,False,181,38,23,61,2,True,,8/0/5,10/1/3,8/5/0,1/0/1,3/4/1,2/0/1,1/0/0
r019,0.8,0.0,0.1,True,181,38,23,61,2,True,,8/0/5,10/1/3,8/5/0,1/0/1,3/4/1,2/0/0,1/0/0
r020,0.8,0.0,0.1,False,181,38,22,60,3,True,,8/0/5,10/1/3,8/5/0,1/0/1,3/4/1,2/0/0,1/0/0
r021,0.8,0.0,0.15,True,181,38,23,61,2,True,,8/0/5,10/1/3,8/5/0,1/0/1,3/4/1,2/0/0,1/0/0
r022,0.8,0.0,0.15,False,181,38,22,60,3,True,,8/0/5,10/1/3,8/5/0,1/0/1,3/4/1,2/0/0,1/0/0
r023,0.8,0.0,0.2,True,181,38,23,61,2,True,,8/0/5,10/1/3,8/5/0,1/0/1,3/4/1,2/0/0,1/0/0
r024,0.8,0.0,0.2,False,181,38,22,60,3,True,,8/0/5,10/1/3,8/5/0,1/0/1,3/4/1,2/0/0,1/0/0
r025,0.8,0.03,0.03,True,181,38,25,63,0,True,,8/0/5,10/1/3,8/5/0,1/0/1,3/4/1,2/0/1,1/0/0
r026,0.8,0.03,0.03,False,181,38,25,63,0,True,,8/0/5,10/1/3,8/5/0,1/0/1,3/4/1,2/0/1,1/0/0
r027,0.8,0.03,0.05,True,181,38,25,63,0,True,,8/0/5,10/1/3,8/5/0,1/0/1,3/4/1,2/0/1,1/0/0
r028,0.8,0.03,0.05,False,181,38,25,63,0,True,,8/0/5,10/1/3,8/5/0,1/0/1,3/4/1,2/0/1,1/0/0
r029,0.8,0.03,0.08,True,181,38,25,63,0,True,,8/0/5,10/1/3,8/5/0,1/0/1,3/4/1,2/0/1,1/0/0
r030,0.8,0.03,0.08,False,181,38,25,63,0,True,,8/0/5,10/1/3,8/5/0,1/0/1,3/4/1,2/0/1,1/0/0
r031,0.8,0.03,0.1,True,181,38,24,62,1,True,,8/0/5,10/1/3,8/5/0,1/0/1,3/4/1,2/0/0,1/0/0
r032,0.8,0.03,0.1,False,181,38,24,62,1,True,,8/0/5,10/1/3,8/5/0,1/0/1,3/4/1,2/0/0,1/0/0
r033,0.8,0.03,0.15,True,181,38,24,62,1,True,,8/0/5,10/1/3,8/5/0,1/0/1,3/4/1,2/0/0,1/0/0
r034,0.8,0.03,0.15,False,181,38,24,62,1,True,,8/0/5,10/1/3,8/5/0,1/0/1,3/4/1,2/0/0,1/0/0
r035,0.8,0.03,0.2,True,181,38,24,62,1,True,,8/0/5,10/1/3,8/5/0,1/0/1,3/4/1,2/0/0,1/0/0
r036,0.8,0.03,0.2,False,181,38,24,62,1,True,,8/0/5,10/1/3,8/5/0,1/0/1,3/4/1,2/0/0,1/0/0
r037,0.8,0.05,0.03,True,181,38,25,63,0,True,,8/0/5,10/1/3,8/5/0,1/0/1,3/4/1,2/0/1,1/0/0
r038,0.8,0.05,0.03,False,181,38,25,63,0,True,,8/0/5,10/1/3,8/5/0,1/0/1,3/4/1,2/0/1,1/0/0
r039,0.8,0.05,0.05,True,181,38,25,63,0,True,,8/0/5,10/1/3,8/5/0,1/0/1,3/4/1,2/0/1,1/0/0
r040,0.8,0.05,0.05,False,181,38,25,63,0,True,,8/0/5,10/1/3,8/5/0,1/0/1,3/4/1,2/0/1,1/0/0
r041,0.8,0.05,0.08,True,181,38,25,63,0,True,,8/0/5,10/1/3,8/5/0,1/0/1,3/4/1,2/0/1,1/0/0
r042,0.8,0.05,0.08,False,181,38,25,63,0,True,,8/0/5,10/1/3,8/5/0,1/0/1,3/4/1,2/0/1,1/0/0
r043,0.8,0.05,0.1,True,181,38,24,62,1,True,,8/0/5,10/1/3,8/5/0,1/0/1,3/4/1,2/0/0,1/0/0
r044,0.8,0.05,0.1,False,181,38,24,62,1,True,,8/0/5,10/1/3,8/5/0,1/0/1,3/4/1,2/0/0,1/0/0
r045,0.8,0.05,0.15,True,181,38,24,62,1,True,,8/0/5,10/1/3,8/5/0,1/0/1,3/4/1,2/0/0,1/0/0
r046,0.8,0.05,0.15,False,181,38,24,62,1,True,,8/0/5,10/1/3,8/5/0,1/0/1,3/4/1,2/0/0,1/0/0
r047,0.8,0.05,0.2,True,181,38,24,62,1,True,,8/0/5,10/1/3,8/5/0,1/0/1,3/4/1,2/0/0,1/0/0
r048,0.8,0.05,0.2,False,181,38,24,62,1,True,,8/0/5,10/1/3,8/5/0,1/0/1,3/4/1,2/0/0,1/0/0
r049,0.8,0.08,0.03,True,181,38,25,63,0,True,,8/0/5,10/1/3,8/5/0,1/0/1,3/4/1,2/0/1,1/0/0
r050,0.8,0.08,0.03,False,181,38,25,63,0,True,,8/0/5,10/1/3,8/5/0,1/0/1,3/4/1,2/0/1,1/0/0
r051,0.8,0.08,0.05,True,181,38,25,63,0,True,,8/0/5,10/1/3,8/5/0,1/0/1,3/4/1,2/0/1,1/0/0
r052,0.8,0.08,0.05,False,181,38,25,63,0,True,,8/0/5,10/1/3,8/5/0,1/0/1,3/4/1,2/0/1,1/0/0
r053,0.8,0.08,0.08,True,181,38,25,63,0,True,,8/0/5,10/1/3,8/5/0,1/0/1,3/4/1,2/0/1,1/0/0
r054,0.8,0.08,0.08,False,181,38,25,63,0,True,,8/0/5,10/1/3,8/5/0,1/0/1,3/4/1,2/0/1,1/0/0
r055,0.8,0.08,0.1,True,181,38,24,62,1,True,,8/0/5,10/1/3,8/5/0,1/0/1,3/4/1,2/0/0,1/0/0
r056,0.8,0.08,0.1,False,181,38,24,62,1,True,,8/0/5,10/1/3,8/5/0,1/0/1,3/4/1,2/0/0,1/0/0
r057,0.8,0.08,0.15,True,181,38,24,62,1,True,,8/0/5,10/1/3,8/5/0,1/0/1,3/4/1,2/0/0,1/0/0
r058,0.8,0.08,0.15,False,181,38,24,62,1,True,,8/0/5,10/1/3,8/5/0,1/0/1,3/4/1,2/0/0,1/0/0
r059,0.8,0.08,0.2,True,181,38,24,62,1,True,,8/0/5,10/1/3,8/5/0,1/0/1,3/4/1,2/0/0,1/0/0
r060,0.8,0.08,0.2,False,181,38,24,62,1,True,,8/0/5,10/1/3,8/5/0,1/0/1,3/4/1,2/0/0,1/0/0
r061,0.8,0.1,0.03,True,181,38,25,63,0,True,,8/0/5,10/1/3,8/5/0,1/0/1,3/4/1,2/0/1,1/0/0
r062,0.8,0.1,0.03,False,181,38,25,63,0,True,,8/0/5,10/1/3,8/5/0,1/0/1,3/4/1,2/0/1,1/0/0
r063,0.8,0.1,0.05,True,181,38,25,63,0,True,,8/0/5,10/1/3,8/5/0,1/0/1,3/4/1,2/0/1,1/0/0
r064,0.8,0.1,0.05,False,181,38,25,63,0,True,,8/0/5,10/1/3,8/5/0,1/0/1,3/4/1,2/0/1,1/0/0
r065,0.8,0.1,0.08,True,181,38,25,63,0,True,,8/0/5,10/1/3,8/5/0,1/0/1,3/4/1,2/0/1,1/0/0
r066,0.8,0.1,0.08,False,181,38,25,63,0,True,,8/0/5,10/1/3,8/5/0,1/0/1,3/4/1,2/0/1,1/0/0
r067,0.8,0.1,0.1,True,181,38,25,63,0,True,,8/0/5,10/1/3,8/5/0,1/0/1,3/4/1,2/0/1,1/0/0
r068,0.8,0.1,0.1,False,181,38,25,63,0,True,,8/0/5,10/1/3,8/5/0,1/0/1,3/4/1,2/0/1,1/0/0
r069,0.8,0.1,0.15,True,181,38,25,63,0,True,,8/0/5,10/1/3,8/5/0,1/0/1,3/4/1,2/0/1,1/0/0
r070,0.8,0.1,0.15,False,181,38,25,63,0,True,,8/0/5,10/1/3,8/5/0,1/0/1,3/4/1,2/0/1,1/0/0
r071,0.8,0.1,0.2,True,181,38,25,63,0,True,,8/0/5,10/1/3,8/5/0,1/0/1,3/4/1,2/0/1,1/0/0
r072,0.8,0.1,0.2,False,181,38,25,63,0,True,,8/0/5,10/1/3,8/5/0,1/0/1,3/4/1,2/0/1,1/0/0
r073,0.9,none,0.03,True,181,38,24,62,1,True,,8/0/5,10/1/3,8/5/0,1/0/1,3/4/1,2/0/1,1/0/0
r074,0.9,none,0.03,False,181,38,24,62,1,True,,8/0/5,10/1/3,8/5/0,1/0/1,3/4/1,2/0/1,1/0/0
r075,0.9,none,0.05,True,181,38,24,62,1,True,,8/0/5,10/1/3,8/5/0,1/0/1,3/4/1,2/0/1,1/0/0
r076,0.9,none,0.05,False,181,38,24,62,1,True,,8/0/5,10/1/3,8/5/0,1/0/1,3/4/1,2/0/1,1/0/0
r077,0.9,none,0.08,True,181,38,24,62,1,True,,8/0/5,10/1/3,8/5/0,1/0/1,3/4/1,2/0/1,1/0/0
r078,0.9,none,0.08,False,181,38,24,62,1,True,,8/0/5,10/1/3,8/5/0,1/0/1,3/4/1,2/0/1,1/0/0
r079,0.9,none,0.1,True,181,38,23,61,2,True,,8/0/5,10/1/3,8/5/0,1/0/1,3/4/1,2/0/0,1/0/0
r080,0.9,none,0.1,False,181,38,23,61,2,True,,8/0/5,10/1/3,8/5/0,1/0/1,3/4/1,2/0/0,1/0/0
r081,0.9,none,0.15,True,181,38,23,61,2,True,,8/0/5,10/1/3,8/5/0,1/0/1,3/4/1,2/0/0,1/0/0
r082,0.9,none,0.15,False,181,38,23,61,2,True,,8/0/5,10/1/3,8/5/0,1/0/1,3/4/1,2/0/0,1/0/0
r083,0.9,none,0.2,True,181,38,23,61,2,True,,8/0/5,10/1/3,8/5/0,1/0/1,3/4/1,2/0/0,1/0/0
r084,0.9,none,0.2,False,181,38,23,61,2,True,,8/0/5,10/1/3,8/5/0,1/0/1,3/4/1,2/0/0,1/0/0
r085,0.9,0.0,0.03,True,181,38,24,62,1,True,,8/0/5,10/1/3,8/5/0,1/0/1,3/4/1,2/0/1,1/0/0
r086,0.9,0.0,0.03,False,181,38,24,62,1,True,,8/0/5,10/1/3,8/5/0,1/0/1,3/4/1,2/0/1,1/0/0
r087,0.9,0.0,0.05,True,181,38,24,62,1,True,,8/0/5,10/1/3,8/5/0,1/0/1,3/4/1,2/0/1,1/0/0
r088,0.9,0.0,0.05,False,181,38,24,62,1,True,,8/0/5,10/1/3,8/5/0,1/0/1,3/4/1,2/0/1,1/0/0
r089,0.9,0.0,0.08,True,181,38,24,62,1,True,,8/0/5,10/1/3,8/5/0,1/0/1,3/4/1,2/0/1,1/0/0
r090,0.9,0.0,0.08,False,181,38,24,62,1,True,,8/0/5,10/1/3,8/5/0,1/0/1,3/4/1,2/0/1,1/0/0
r091,0.9,0.0,0.1,True,181,38,23,61,2,True,,8/0/5,10/1/3,8/5/0,1/0/1,3/4/1,2/0/0,1/0/0
r092,0.9,0.0,0.1,False,181,38,23,61,2,True,,8/0/5,10/1/3,8/5/0,1/0/1,3/4/1,2/0/0,1/0/0
r093,0.9,0.0,0.15,True,181,38,23,61,2,True,,8/0/5,10/1/3,8/5/0,1/0/1,3/4/1,2/0/0,1/0/0
r094,0.9,0.0,0.15,False,181,38,23,61,2,True,,8/0/5,10/1/3,8/5/0,1/0/1,3/4/1,2/0/0,1/0/0
r095,0.9,0.0,0.2,True,181,38,23,61,2,True,,8/0/5,10/1/3,8/5/0,1/0/1,3/4/1,2/0/0,1/0/0
r096,0.9,0.0,0.2,False,181,38,23,61,2,True,,8/0/5,10/1/3,8/5/0,1/0/1,3/4/1,2/0/0,1/0/0
r097,0.9,0.03,0.03,True,181,38,25,63,0,True,,8/0/5,10/1/3,8/5/0,1/0/1,3/4/1,2/0/1,1/0/0
r098,0.9,0.03,0.03,False,181,38,25,63,0,True,,8/0/5,10/1/3,8/5/0,1/0/1,3/4/1,2/0/1,1/0/0
r099,0.9,0.03,0.05,True,181,38,25,63,0,True,,8/0/5,10/1/3,8/5/0,1/0/1,3/4/1,2/0/1,1/0/0
r100,0.9,0.03,0.05,False,181,38,25,63,0,True,,8/0/5,10/1/3,8/5/0,1/0/1,3/4/1,2/0/1,1/0/0
r101,0.9,0.03,0.08,True,181,38,25,63,0,True,,8/0/5,10/1/3,8/5/0,1/0/1,3/4/1,2/0/1,1/0/0
r102,0.9,0.03,0.08,False,181,38,25,63,0,True,,8/0/5,10/1/3,8/5/0,1/0/1,3/4/1,2/0/1,1/0/0
r103,0.9,0.03,0.1,True,181,38,24,62,1,True,,8/0/5,10/1/3,8/5/0,1/0/1,3/4/1,2/0/0,1/0/0
r104,0.9,0.03,0.1,False,181,38,24,62,1,True,,8/0/5,10/1/3,8/5/0,1/0/1,3/4/1,2/0/0,1/0/0
r105,0.9,0.03,0.15,True,181,38,24,62,1,True,,8/0/5,10/1/3,8/5/0,1/0/1,3/4/1,2/0/0,1/0/0
r106,0.9,0.03,0.15,False,181,38,24,62,1,True,,8/0/5,10/1/3,8/5/0,1/0/1,3/4/1,2/0/0,1/0/0
r107,0.9,0.03,0.2,True,181,38,24,62,1,True,,8/0/5,10/1/3,8/5/0,1/0/1,3/4/1,2/0/0,1/0/0
r108,0.9,0.03,0.2,False,181,38,24,62,1,True,,8/0/5,10/1/3,8/5/0,1/0/1,3/4/1,2/0/0,1/0/0
r109,0.9,0.05,0.03,True,181,38,25,63,0,True,,8/0/5,10/1/3,8/5/0,1/0/1,3/4/1,2/0/1,1/0/0
r110,0.9,0.05,0.03,False,181,38,25,63,0,True,,8/0/5,10/1/3,8/5/0,1/0/1,3/4/1,2/0/1,1/0/0
r111,0.9,0.05,0.05,True,181,38,25,63,0,True,,8/0/5,10/1/3,8/5/0,1/0/1,3/4/1,2/0/1,1/0/0
r112,0.9,0.05,0.05,False,181,38,25,63,0,True,,8/0/5,10/1/3,8/5/0,1/0/1,3/4/1,2/0/1,1/0/0
r113,0.9,0.05,0.08,True,181,38,25,63,0,True,,8/0/5,10/1/3,8/5/0,1/0/1,3/4/1,2/0/1,1/0/0
r114,0.9,0.05,0.08,False,181,38,25,63,0,True,,8/0/5,10/1/3,8/5/0,1/0/1,3/4/1,2/0/1,1/0/0
r115,0.9,0.05,0.1,True,181,38,24,62,1,True,,8/0/5,10/1/3,8/5/0,1/0/1,3/4/1,2/0/0,1/0/0
r116,0.9,0.05,0.1,False,181,38,24,62,1,True,,8/0/5,10/1/3,8/5/0,1/0/1,3/4/1,2/0/0,1/0/0
r117,0.9,0.05,0.15,True,181,38,24,62,1,True,,8/0/5,10/1/3,8/5/0,1/0/1,3/4/1,2/0/0,1/0/0
r118,0.9,0.05,0.15,False,181,38,24,62,1,True,,8/0/5,10/1/3,8/5/0,1/0/1,3/4/1,2/0/0,1/0/0
r119,0.9,0.05,0.2,True,181,38,24,62,1,True,,8/0/5,10/1/3,8/5/0,1/0/1,3/4/1,2/0/0,1/0/0
r120,0.9,0.05,0.2,False,181,38,24,62,1,True,,8/0/5,10/1/3,8/5/0,1/0/1,3/4/1,2/0/0,1/0/0
r121,0.9,0.08,0.03,True,181,38,25,63,0,True,,8/0/5,10/1/3,8/5/0,1/0/1,3/4/1,2/0/1,1/0/0
r122,0.9,0.08,0.03,False,181,38,25,63,0,True,,8/0/5,10/1/3,8/5/0,1/0/1,3/4/1,2/0/1,1/0/0
r123,0.9,0.08,0.05,True,181,38,25,63,0,True,,8/0/5,10/1/3,8/5/0,1/0/1,3/4/1,2/0/1,1/0/0
r124,0.9,0.08,0.05,False,181,38,25,63,0,True,,8/0/5,10/1/3,8/5/0,1/0/1,3/4/1,2/0/1,1/0/0
r125,0.9,0.08,0.08,True,181,38,25,63,0,True,,8/0/5,10/1/3,8/5/0,1/0/1,3/4/1,2/0/1,1/0/0
r126,0.9,0.08,0.08,False,181,38,25,63,0,True,,8/0/5,10/1/3,8/5/0,1/0/1,3/4/1,2/0/1,1/0/0
r127,0.9,0.08,0.1,True,181,38,24,62,1,True,,8/0/5,10/1/3,8/5/0,1/0/1,3/4/1,2/0/0,1/0/0
r128,0.9,0.08,0.1,False,181,38,24,62,1,True,,8/0/5,10/1/3,8/5/0,1/0/1,3/4/1,2/0/0,1/0/0
r129,0.9,0.08,0.15,True,181,38,24,62,1,True,,8/0/5,10/1/3,8/5/0,1/0/1,3/4/1,2/0/0,1/0/0
r130,0.9,0.08,0.15,False,181,38,24,62,1,True,,8/0/5,10/1/3,8/5/0,1/0/1,3/4/1,2/0/0,1/0/0
r131,0.9,0.08,0.2,True,181,38,24,62,1,True,,8/0/5,10/1/3,8/5/0,1/0/1,3/4/1,2/0/0,1/0/0
r132,0.9,0.08,0.2,False,181,38,24,62,1,True,,8/0/5,10/1/3,8/5/0,1/0/1,3/4/1,2/0/0,1/0/0
r133,0.9,0.1,0.03,True,181,38,25,63,0,True,,8/0/5,10/1/3,8/5/0,1/0/1,3/4/1,2/0/1,1/0/0
r134,0.9,0.1,0.03,False,181,38,25,63,0,True,,8/0/5,10/1/3,8/5/0,1/0/1,3/4/1,2/0/1,1/0/0
r135,0.9,0.1,0.05,True,181,38,25,63,0,True,,8/0/5,10/1/3,8/5/0,1/0/1,3/4/1,2/0/1,1/0/0
r136,0.9,0.1,0.05,False,181,38,25,63,0,True,,8/0/5,10/1/3,8/5/0,1/0/1,3/4/1,2/0/1,1/0/0
r137,0.9,0.1,0.08,True,181,38,25,63,0,True,,8/0/5,10/1/3,8/5/0,1/0/1,3/4/1,2/0/1,1/0/0
r138,0.9,0.1,0.08,False,181,38,25,63,0,True,,8/0/5,10/1/3,8/5/0,1/0/1,3/4/1,2/0/1,1/0/0
r139,0.9,0.1,0.1,True,181,38,25,63,0,True,,8/0/5,10/1/3,8/5/0,1/0/1,3/4/1,2/0/1,1/0/0
r140,0.9,0.1,0.1,False,181,38,25,63,0,True,,8/0/5,10/1/3,8/5/0,1/0/1,3/4/1,2/0/1,1/0/0
r141,0.9,0.1,0.15,True,181,38,25,63,0,True,,8/0/5,10/1/3,8/5/0,1/0/1,3/4/1,2/0/1,1/0/0
r142,0.9,0.1,0.15,False,181,38,25,63,0,True,,8/0/5,10/1/3,8/5/0,1/0/1,3/4/1,2/0/1,1/0/0
r143,0.9,0.1,0.2,True,181,38,25,63,0,True,,8/0/5,10/1/3,8/5/0,1/0/1,3/4/1,2/0/1,1/0/0
r144,0.9,0.1,0.2,False,181,38,25,63,0,True,,8/0/5,10/1/3,8/5/0,1/0/1,3/4/1,2/0/1,1/0/0
r145,0.95,none,0.03,True,181,38,24,62,1,True,,8/0/5,10/1/3,8/5/0,1/0/1,3/4/1,2/0/1,1/0/0
r146,0.95,none,0.03,False,181,38,24,62,1,True,,8/0/5,10/1/3,8/5/0,1/0/1,3/4/1,2/0/1,1/0/0
r147,0.95,none,0.05,True,181,38,24,62,1,True,,8/0/5,10/1/3,8/5/0,1/0/1,3/4/1,2/0/1,1/0/0
r148,0.95,none,0.05,False,181,38,24,62,1,True,,8/0/5,10/1/3,8/5/0,1/0/1,3/4/1,2/0/1,1/0/0
r149,0.95,none,0.08,True,181,38,24,62,1,True,,8/0/5,10/1/3,8/5/0,1/0/1,3/4/1,2/0/1,1/0/0
r150,0.95,none,0.08,False,181,38,24,62,1,True,,8/0/5,10/1/3,8/5/0,1/0/1,3/4/1,2/0/1,1/0/0
r151,0.95,none,0.1,True,181,38,23,61,2,True,,8/0/5,10/1/3,8/5/0,1/0/1,3/4/1,2/0/0,1/0/0
r152,0.95,none,0.1,False,181,38,23,61,2,True,,8/0/5,10/1/3,8/5/0,1/0/1,3/4/1,2/0/0,1/0/0
r153,0.95,none,0.15,True,181,38,23,61,2,True,,8/0/5,10/1/3,8/5/0,1/0/1,3/4/1,2/0/0,1/0/0
r154,0.95,none,0.15,False,181,38,23,61,2,True,,8/0/5,10/1/3,8/5/0,1/0/1,3/4/1,2/0/0,1/0/0
r155,0.95,none,0.2,True,181,38,23,61,2,True,,8/0/5,10/1/3,8/5/0,1/0/1,3/4/1,2/0/0,1/0/0
r156,0.95,none,0.2,False,181,38,23,61,2,True,,8/0/5,10/1/3,8/5/0,1/0/1,3/4/1,2/0/0,1/0/0
r157,0.95,0.0,0.03,True,181,38,24,62,1,True,,8/0/5,10/1/3,8/5/0,1/0/1,3/4/1,2/0/1,1/0/0
r158,0.95,0.0,0.03,False,181,38,24,62,1,True,,8/0/5,10/1/3,8/5/0,1/0/1,3/4/1,2/0/1,1/0/0
r159,0.95,0.0,0.05,True,181,38,24,62,1,True,,8/0/5,10/1/3,8/5/0,1/0/1,3/4/1,2/0/1,1/0/0
r160,0.95,0.0,0.05,False,181,38,24,62,1,True,,8/0/5,10/1/3,8/5/0,1/0/1,3/4/1,2/0/1,1/0/0
r161,0.95,0.0,0.08,True,181,38,24,62,1,True,,8/0/5,10/1/3,8/5/0,1/0/1,3/4/1,2/0/1,1/0/0
r162,0.95,0.0,0.08,False,181,38,24,62,1,True,,8/0/5,10/1/3,8/5/0,1/0/1,3/4/1,2/0/1,1/0/0
r163,0.95,0.0,0.1,True,181,38,23,61,2,True,,8/0/5,10/1/3,8/5/0,1/0/1,3/4/1,2/0/0,1/0/0
r164,0.95,0.0,0.1,False,181,38,23,61,2,True,,8/0/5,10/1/3,8/5/0,1/0/1,3/4/1,2/0/0,1/0/0
r165,0.95,0.0,0.15,True,181,38,23,61,2,True,,8/0/5,10/1/3,8/5/0,1/0/1,3/4/1,2/0/0,1/0/0
r166,0.95,0.0,0.15,False,181,38,23,61,2,True,,8/0/5,10/1/3,8/5/0,1/0/1,3/4/1,2/0/0,1/0/0
r167,0.95,0.0,0.2,True,181,38,23,61,2,True,,8/0/5,10/1/3,8/5/0,1/0/1,3/4/1,2/0/0,1/0/0
r168,0.95,0.0,0.2,False,181,38,23,61,2,True,,8/0/5,10/1/3,8/5/0,1/0/1,3/4/1,2/0/0,1/0/0
r169,0.95,0.03,0.03,True,181,38,25,63,0,True,,8/0/5,10/1/3,8/5/0,1/0/1,3/4/1,2/0/1,1/0/0
r170,0.95,0.03,0.03,False,181,38,25,63,0,True,,8/0/5,10/1/3,8/5/0,1/0/1,3/4/1,2/0/1,1/0/0
r171,0.95,0.03,0.05,True,181,38,25,63,0,True,,8/0/5,10/1/3,8/5/0,1/0/1,3/4/1,2/0/1,1/0/0
r172,0.95,0.03,0.05,False,181,38,25,63,0,True,,8/0/5,10/1/3,8/5/0,1/0/1,3/4/1,2/0/1,1/0/0
r173,0.95,0.03,0.08,True,181,38,25,63,0,True,,8/0/5,10/1/3,8/5/0,1/0/1,3/4/1,2/0/1,1/0/0
r174,0.95,0.03,0.08,False,181,38,25,63,0,True,,8/0/5,10/1/3,8/5/0,1/0/1,3/4/1,2/0/1,1/0/0
r175,0.95,0.03,0.1,True,181,38,24,62,1,True,,8/0/5,10/1/3,8/5/0,1/0/1,3/4/1,2/0/0,1/0/0
r176,0.95,0.03,0.1,False,181,38,24,62,1,True,,8/0/5,10/1/3,8/5/0,1/0/1,3/4/1,2/0/0,1/0/0
r177,0.95,0.03,0.15,True,181,38,24,62,1,True,,8/0/5,10/1/3,8/5/0,1/0/1,3/4/1,2/0/0,1/0/0
r178,0.95,0.03,0.15,False,181,38,24,62,1,True,,8/0/5,10/1/3,8/5/0,1/0/1,3/4/1,2/0/0,1/0/0
r179,0.95,0.03,0.2,True,181,38,24,62,1,True,,8/0/5,10/1/3,8/5/0,1/0/1,3/4/1,2/0/0,1/0/0
r180,0.95,0.03,0.2,False,181,38,24,62,1,True,,8/0/5,10/1/3,8/5/0,1/0/1,3/4/1,2/0/0,1/0/0
r181,0.95,0.05,0.03,True,181,38,25,63,0,True,,8/0/5,10/1/3,8/5/0,1/0/1,3/4/1,2/0/1,1/0/0
r182,0.95,0.05,0.03,False,181,38,25,63,0,True,,8/0/5,10/1/3,8/5/0,1/0/1,3/4/1,2/0/1,1/0/0
r183,0.95,0.05,0.05,True,181,38,25,63,0,True,,8/0/5,10/1/3,8/5/0,1/0/1,3/4/1,2/0/1,1/0/0
r184,0.95,0.05,0.05,False,181,38,25,63,0,True,,8/0/5,10/1/3,8/5/0,1/0/1,3/4/1,2/0/1,1/0/0
r185,0.95,0.05,0.08,True,181,38,25,63,0,True,,8/0/5,10/1/3,8/5/0,1/0/1,3/4/1,2/0/1,1/0/0
r186,0.95,0.05,0.08,False,181,38,25,63,0,True,,8/0/5,10/1/3,8/5/0,1/0/1,3/4/1,2/0/1,1/0/0
r187,0.95,0.05,0.1,True,181,38,24,62,1,True,,8/0/5,10/1/3,8/5/0,1/0/1,3/4/1,2/0/0,1/0/0
r188,0.95,0.05,0.1,False,181,38,24,62,1,True,,8/0/5,10/1/3,8/5/0,1/0/1,3/4/1,2/0/0,1/0/0
r189,0.95,0.05,0.15,True,181,38,24,62,1,True,,8/0/5,10/1/3,8/5/0,1/0/1,3/4/1,2/0/0,1/0/0
r190,0.95,0.05,0.15,False,181,38,24,62,1,True,,8/0/5,10/1/3,8/5/0,1/0/1,3/4/1,2/0/0,1/0/0
r191,0.95,0.05,0.2,True,181,38,24,62,1,True,,8/0/5,10/1/3,8/5/0,1/0/1,3/4/1,2/0/0,1/0/0
r192,0.95,0.05,0.2,False,181,38,24,62,1,True,,8/0/5,10/1/3,8/5/0,1/0/1,3/4/1,2/0/0,1/0/0
r193,0.95,0.08,0.03,True,181,38,25,63,0,True,,8/0/5,10/1/3,8/5/0,1/0/1,3/4/1,2/0/1,1/0/0
r194,0.95,0.08,0.03,False,181,38,25,63,0,True,,8/0/5,10/1/3,8/5/0,1/0/1,3/4/1,2/0/1,1/0/0
r195,0.95,0.08,0.05,True,181,38,25,63,0,True,,8/0/5,10/1/3,8/5/0,1/0/1,3/4/1,2/0/1,1/0/0
r196,0.95,0.08,0.05,False,181,38,25,63,0,True,,8/0/5,10/1/3,8/5/0,1/0/1,3/4/1,2/0/1,1/0/0
r197,0.95,0.08,0.08,True,181,38,25,63,0,True,,8/0/5,10/1/3,8/5/0,1/0/1,3/4/1,2/0/1,1/0/0
r198,0.95,0.08,0.08,False,181,38,25,63,0,True,,8/0/5,10/1/3,8/5/0,1/0/1,3/4/1,2/0/1,1/0/0
r199,0.95,0.08,0.1,True,181,38,24,62,1,True,,8/0/5,10/1/3,8/5/0,1/0/1,3/4/1,2/0/0,1/0/0
r200,0.95,0.08,0.1,False,181,38,24,62,1,True,,8/0/5,10/1/3,8/5/0,1/0/1,3/4/1,2/0/0,1/0/0
r201,0.95,0.08,0.15,True,181,38,24,62,1,True,,8/0/5,10/1/3,8/5/0,1/0/1,3/4/1,2/0/0,1/0/0
r202,0.95,0.08,0.15,False,181,38,24,62,1,True,,8/0/5,10/1/3,8/5/0,1/0/1,3/4/1,2/0/0,1/0/0
r203,0.95,0.08,0.2,True,181,38,24,62,1,True,,8/0/5,10/1/3,8/5/0,1/0/1,3/4/1,2/0/0,1/0/0
r204,0.95,0.08,0.2,False,181,38,24,62,1,True,,8/0/5,10/1/3,8/5/0,1/0/1,3/4/1,2/0/0,1/0/0
r205,0.95,0.1,0.03,True,181,38,25,63,0,True,,8/0/5,10/1/3,8/5/0,1/0/1,3/4/1,2/0/1,1/0/0
r206,0.95,0.1,0.03,False,181,38,25,63,0,True,,8/0/5,10/1/3,8/5/0,1/0/1,3/4/1,2/0/1,1/0/0
r207,0.95,0.1,0.05,True,181,38,25,63,0,True,,8/0/5,10/1/3,8/5/0,1/0/1,3/4/1,2/0/1,1/0/0
r208,0.95,0.1,0.05,False,181,38,25,63,0,True,,8/0/5,10/1/3,8/5/0,1/0/1,3/4/1,2/0/1,1/0/0
r209,0.95,0.1,0.08,True,181,38,25,63,0,True,,8/0/5,10/1/3,8/5/0,1/0/1,3/4/1,2/0/1,1/0/0
r210,0.95,0.1,0.08,False,181,38,25,63,0,True,,8/0/5,10/1/3,8/5/0,1/0/1,3/4/1,2/0/1,1/0/0
r211,0.95,0.1,0.1,True,181,38,25,63,0,True,,8/0/5,10/1/3,8/5/0,1/0/1,3/4/1,2/0/1,1/0/0
r212,0.95,0.1,0.1,False,181,38,25,63,0,True,,8/0/5,10/1/3,8/5/0,1/0/1,3/4/1,2/0/1,1/0/0
r213,0.95,0.1,0.15,True,181,38,25,63,0,True,,8/0/5,10/1/3,8/5/0,1/0/1,3/4/1,2/0/1,1/0/0
r214,0.95,0.1,0.15,False,181,38,25,63,0,True,,8/0/5,10/1/3,8/5/0,1/0/1,3/4/1,2/0/1,1/0/0
r215,0.95,0.1,0.2,True,181,38,25,63,0,True,,8/0/5,10/1/3,8/5/0,1/0/1,3/4/1,2/0/1,1/0/0
r216,0.95,0.1,0.2,False,181,38,25,63,0,True,,8/0/5,10/1/3,8/5/0,1/0/1,3/4/1,2/0/1,1/0/0
r217,0.98,none,0.03,True,181,38,24,62,1,True,,8/0/5,10/1/3,8/5/0,1/0/1,3/4/1,2/0/1,1/0/0
r218,0.98,none,0.03,False,181,38,24,62,1,True,,8/0/5,10/1/3,8/5/0,1/0/1,3/4/1,2/0/1,1/0/0
r219,0.98,none,0.05,True,181,38,24,62,1,True,,8/0/5,10/1/3,8/5/0,1/0/1,3/4/1,2/0/1,1/0/0
r220,0.98,none,0.05,False,181,38,24,62,1,True,,8/0/5,10/1/3,8/5/0,1/0/1,3/4/1,2/0/1,1/0/0
r221,0.98,none,0.08,True,181,38,24,62,1,True,,8/0/5,10/1/3,8/5/0,1/0/1,3/4/1,2/0/1,1/0/0
r222,0.98,none,0.08,False,181,38,24,62,1,True,,8/0/5,10/1/3,8/5/0,1/0/1,3/4/1,2/0/1,1/0/0
r223,0.98,none,0.1,True,181,38,23,61,2,True,,8/0/5,10/1/3,8/5/0,1/0/1,3/4/1,2/0/0,1/0/0
r224,0.98,none,0.1,False,181,38,23,61,2,True,,8/0/5,10/1/3,8/5/0,1/0/1,3/4/1,2/0/0,1/0/0
r225,0.98,none,0.15,True,181,38,23,61,2,True,,8/0/5,10/1/3,8/5/0,1/0/1,3/4/1,2/0/0,1/0/0
r226,0.98,none,0.15,False,181,38,23,61,2,True,,8/0/5,10/1/3,8/5/0,1/0/1,3/4/1,2/0/0,1/0/0
r227,0.98,none,0.2,True,181,38,23,61,2,True,,8/0/5,10/1/3,8/5/0,1/0/1,3/4/1,2/0/0,1/0/0
r228,0.98,none,0.2,False,181,38,23,61,2,True,,8/0/5,10/1/3,8/5/0,1/0/1,3/4/1,2/0/0,1/0/0
r229,0.98,0.0,0.03,True,181,38,24,62,1,True,,8/0/5,10/1/3,8/5/0,1/0/1,3/4/1,2/0/1,1/0/0
r230,0.98,0.0,0.03,False,181,38,24,62,1,True,,8/0/5,10/1/3,8/5/0,1/0/1,3/4/1,2/0/1,1/0/0
r231,0.98,0.0,0.05,True,181,38,24,62,1,True,,8/0/5,10/1/3,8/5/0,1/0/1,3/4/1,2/0/1,1/0/0
r232,0.98,0.0,0.05,False,181,38,24,62,1,True,,8/0/5,10/1/3,8/5/0,1/0/1,3/4/1,2/0/1,1/0/0
r233,0.98,0.0,0.08,True,181,38,24,62,1,True,,8/0/5,10/1/3,8/5/0,1/0/1,3/4/1,2/0/1,1/0/0
r234,0.98,0.0,0.08,False,181,38,24,62,1,True,,8/0/5,10/1/3,8/5/0,1/0/1,3/4/1,2/0/1,1/0/0
r235,0.98,0.0,0.1,True,181,38,23,61,2,True,,8/0/5,10/1/3,8/5/0,1/0/1,3/4/1,2/0/0,1/0/0
r236,0.98,0.0,0.1,False,181,38,23,61,2,True,,8/0/5,10/1/3,8/5/0,1/0/1,3/4/1,2/0/0,1/0/0
r237,0.98,0.0,0.15,True,181,38,23,61,2,True,,8/0/5,10/1/3,8/5/0,1/0/1,3/4/1,2/0/0,1/0/0
r238,0.98,0.0,0.15,False,181,38,23,61,2,True,,8/0/5,10/1/3,8/5/0,1/0/1,3/4/1,2/0/0,1/0/0
r239,0.98,0.0,0.2,True,181,38,23,61,2,True,,8/0/5,10/1/3,8/5/0,1/0/1,3/4/1,2/0/0,1/0/0
r240,0.98,0.0,0.2,False,181,38,23,61,2,True,,8/0/5,10/1/3,8/5/0,1/0/1,3/4/1,2/0/0,1/0/0
r241,0.98,0.03,0.03,True,181,38,25,63,0,True,,8/0/5,10/1/3,8/5/0,1/0/1,3/4/1,2/0/1,1/0/0
r242,0.98,0.03,0.03,False,181,38,25,63,0,True,,8/0/5,10/1/3,8/5/0,1/0/1,3/4/1,2/0/1,1/0/0
r243,0.98,0.03,0.05,True,181,38,25,63,0,True,,8/0/5,10/1/3,8/5/0,1/0/1,3/4/1,2/0/1,1/0/0
r244,0.98,0.03,0.05,False,181,38,25,63,0,True,,8/0/5,10/1/3,8/5/0,1/0/1,3/4/1,2/0/1,1/0/0
r245,0.98,0.03,0.08,True,181,38,25,63,0,True,,8/0/5,10/1/3,8/5/0,1/0/1,3/4/1,2/0/1,1/0/0
r246,0.98,0.03,0.08,False,181,38,25,63,0,True,,8/0/5,10/1/3,8/5/0,1/0/1,3/4/1,2/0/1,1/0/0
r247,0.98,0.03,0.1,True,181,38,24,62,1,True,,8/0/5,10/1/3,8/5/0,1/0/1,3/4/1,2/0/0,1/0/0
r248,0.98,0.03,0.1,False,181,38,24,62,1,True,,8/0/5,10/1/3,8/5/0,1/0/1,3/4/1,2/0/0,1/0/0
r249,0.98,0.03,0.15,True,181,38,24,62,1,True,,8/0/5,10/1/3,8/5/0,1/0/1,3/4/1,2/0/0,1/0/0
r250,0.98,0.03,0.15,False,181,38,24,62,1,True,,8/0/5,10/1/3,8/5/0,1/0/1,3/4/1,2/0/0,1/0/0
r251,0.98,0.03,0.2,True,181,38,24,62,1,True,,8/0/5,10/1/3,8/5/0,1/0/1,3/4/1,2/0/0,1/0/0
r252,0.98,0.03,0.2,False,181,38,24,62,1,True,,8/0/5,10/1/3,8/5/0,1/0/1,3/4/1,2/0/0,1/0/0
r253,0.98,0.05,0.03,True,181,38,25,63,0,True,,8/0/5,10/1/3,8/5/0,1/0/1,3/4/1,2/0/1,1/0/0
r254,0.98,0.05,0.03,False,181,38,25,63,0,True,,8/0/5,10/1/3,8/5/0,1/0/1,3/4/1,2/0/1,1/0/0
r255,0.98,0.05,0.05,True,181,38,25,63,0,True,,8/0/5,10/1/3,8/5/0,1/0/1,3/4/1,2/0/1,1/0/0
r256,0.98,0.05,0.05,False,181,38,25,63,0,True,,8/0/5,10/1/3,8/5/0,1/0/1,3/4/1,2/0/1,1/0/0
r257,0.98,0.05,0.08,True,181,38,25,63,0,True,,8/0/5,10/1/3,8/5/0,1/0/1,3/4/1,2/0/1,1/0/0
r258,0.98,0.05,0.08,False,181,38,25,63,0,True,,8/0/5,10/1/3,8/5/0,1/0/1,3/4/1,2/0/1,1/0/0
r259,0.98,0.05,0.1,True,181,38,24,62,1,True,,8/0/5,10/1/3,8/5/0,1/0/1,3/4/1,2/0/0,1/0/0
r260,0.98,0.05,0.1,False,181,38,24,62,1,True,,8/0/5,10/1/3,8/5/0,1/0/1,3/4/1,2/0/0,1/0/0
r261,0.98,0.05,0.15,True,181,38,24,62,1,True,,8/0/5,10/1/3,8/5/0,1/0/1,3/4/1,2/0/0,1/0/0
r262,0.98,0.05,0.15,False,181,38,24,62,1,True,,8/0/5,10/1/3,8/5/0,1/0/1,3/4/1,2/0/0,1/0/0
r263,0.98,0.05,0.2,True,181,38,24,62,1,True,,8/0/5,10/1/3,8/5/0,1/0/1,3/4/1,2/0/0,1/0/0
r264,0.98,0.05,0.2,False,181,38,24,62,1,True,,8/0/5,10/1/3,8/5/0,1/0/1,3/4/1,2/0/0,1/0/0
r265,0.98,0.08,0.03,True,181,38,25,63,0,True,,8/0/5,10/1/3,8/5/0,1/0/1,3/4/1,2/0/1,1/0/0
r266,0.98,0.08,0.03,False,181,38,25,63,0,True,,8/0/5,10/1/3,8/5/0,1/0/1,3/4/1,2/0/1,1/0/0
r267,0.98,0.08,0.05,True,181,38,25,63,0,True,,8/0/5,10/1/3,8/5/0,1/0/1,3/4/1,2/0/1,1/0/0
r268,0.98,0.08,0.05,False,181,38,25,63,0,True,,8/0/5,10/1/3,8/5/0,1/0/1,3/4/1,2/0/1,1/0/0
r269,0.98,0.08,0.08,True,181,38,25,63,0,True,,8/0/5,10/1/3,8/5/0,1/0/1,3/4/1,2/0/1,1/0/0
r270,0.98,0.08,0.08,False,181,38,25,63,0,True,,8/0/5,10/1/3,8/5/0,1/0/1,3/4/1,2/0/1,1/0/0
r271,0.98,0.08,0.1,True,181,38,24,62,1,True,,8/0/5,10/1/3,8/5/0,1/0/1,3/4/1,2/0/0,1/0/0
r272,0.98,0.08,0.1,False,181,38,24,62,1,True,,8/0/5,10/1/3,8/5/0,1/0/1,3/4/1,2/0/0,1/0/0
r273,0.98,0.08,0.15,True,181,38,24,62,1,True,,8/0/5,10/1/3,8/5/0,1/0/1,3/4/1,2/0/0,1/0/0
r274,0.98,0.08,0.15,False,181,38,24,62,1,True,,8/0/5,10/1/3,8/5/0,1/0/1,3/4/1,2/0/0,1/0/0
r275,0.98,0.08,0.2,True,181,38,24,62,1,True,,8/0/5,10/1/3,8/5/0,1/0/1,3/4/1,2/0/0,1/0/0
r276,0.98,0.08,0.2,False,181,38,24,62,1,True,,8/0/5,10/1/3,8/5/0,1/0/1,3/4/1,2/0/0,1/0/0
r277,0.98,0.1,0.03,True,181,38,25,63,0,True,,8/0/5,10/1/3,8/5/0,1/0/1,3/4/1,2/0/1,1/0/0
r278,0.98,0.1,0.03,False,181,38,25,63,0,True,,8/0/5,10/1/3,8/5/0,1/0/1,3/4/1,2/0/1,1/0/0
r279,0.98,0.1,0.05,True,181,38,25,63,0,True,,8/0/5,10/1/3,8/5/0,1/0/1,3/4/1,2/0/1,1/0/0
r280,0.98,0.1,0.05,False,181,38,25,63,0,True,,8/0/5,10/1/3,8/5/0,1/0/1,3/4/1,2/0/1,1/0/0
r281,0.98,0.1,0.08,True,181,38,25,63,0,True,,8/0/5,10/1/3,8/5/0,1/0/1,3/4/1,2/0/1,1/0/0
r282,0.98,0.1,0.08,False,181,38,25,63,0,True,,8/0/5,10/1/3,8/5/0,1/0/1,3/4/1,2/0/1,1/0/0
r283,0.98,0.1,0.1,True,181,38,25,63,0,True,,8/0/5,10/1/3,8/5/0,1/0/1,3/4/1,2/0/1,1/0/0
r284,0.98,0.1,0.1,False,181,38,25,63,0,True,,8/0/5,10/1/3,8/5/0,1/0/1,3/4/1,2/0/1,1/0/0
r285,0.98,0.1,0.15,True,181,38,25,63,0,True,,8/0/5,10/1/3,8/5/0,1/0/1,3/4/1,2/0/1,1/0/0
r286,0.98,0.1,0.15,False,181,38,25,63,0,True,,8/0/5,10/1/3,8/5/0,1/0/1,3/4/1,2/0/1,1/0/0
r287,0.98,0.1,0.2,True,181,38,25,63,0,True,,8/0/5,10/1/3,8/5/0,1/0/1,3/4/1,2/0/1,1/0/0
r288,0.98,0.1,0.2,False,181,38,25,63,0,True,,8/0/5,10/1/3,8/5/0,1/0/1,3/4/1,2/0/1,1/0/0
r289,1.0,none,0.03,True,181,38,24,62,1,True,,8/0/5,10/1/3,8/5/0,1/0/1,3/4/1,2/0/1,1/0/0
r290,1.0,none,0.03,False,181,38,24,62,1,True,,8/0/5,10/1/3,8/5/0,1/0/1,3/4/1,2/0/1,1/0/0
r291,1.0,none,0.05,True,181,38,24,62,1,True,,8/0/5,10/1/3,8/5/0,1/0/1,3/4/1,2/0/1,1/0/0
r292,1.0,none,0.05,False,181,38,24,62,1,True,,8/0/5,10/1/3,8/5/0,1/0/1,3/4/1,2/0/1,1/0/0
r293,1.0,none,0.08,True,181,38,24,62,1,True,,8/0/5,10/1/3,8/5/0,1/0/1,3/4/1,2/0/1,1/0/0
r294,1.0,none,0.08,False,181,38,24,62,1,True,,8/0/5,10/1/3,8/5/0,1/0/1,3/4/1,2/0/1,1/0/0
r295,1.0,none,0.1,True,181,38,23,61,2,True,,8/0/5,10/1/3,8/5/0,1/0/1,3/4/1,2/0/0,1/0/0
r296,1.0,none,0.1,False,181,38,23,61,2,True,,8/0/5,10/1/3,8/5/0,1/0/1,3/4/1,2/0/0,1/0/0
r297,1.0,none,0.15,True,181,38,23,61,2,True,,8/0/5,10/1/3,8/5/0,1/0/1,3/4/1,2/0/0,1/0/0
r298,1.0,none,0.15,False,181,38,23,61,2,True,,8/0/5,10/1/3,8/5/0,1/0/1,3/4/1,2/0/0,1/0/0
r299,1.0,none,0.2,True,181,38,23,61,2,True,,8/0/5,10/1/3,8/5/0,1/0/1,3/4/1,2/0/0,1/0/0
r300,1.0,none,0.2,False,181,38,23,61,2,True,,8/0/5,10/1/3,8/5/0,1/0/1,3/4/1,2/0/0,1/0/0
r301,1.0,0.0,0.03,True,181,38,24,62,1,True,,8/0/5,10/1/3,8/5/0,1/0/1,3/4/1,2/0/1,1/0/0
r302,1.0,0.0,0.03,False,181,38,24,62,1,True,,8/0/5,10/1/3,8/5/0,1/0/1,3/4/1,2/0/1,1/0/0
r303,1.0,0.0,0.05,True,181,38,24,62,1,True,,8/0/5,10/1/3,8/5/0,1/0/1,3/4/1,2/0/1,1/0/0
r304,1.0,0.0,0.05,False,181,38,24,62,1,True,,8/0/5,10/1/3,8/5/0,1/0/1,3/4/1,2/0/1,1/0/0
r305,1.0,0.0,0.08,True,181,38,24,62,1,True,,8/0/5,10/1/3,8/5/0,1/0/1,3/4/1,2/0/1,1/0/0
r306,1.0,0.0,0.08,False,181,38,24,62,1,True,,8/0/5,10/1/3,8/5/0,1/0/1,3/4/1,2/0/1,1/0/0
r307,1.0,0.0,0.1,True,181,38,23,61,2,True,,8/0/5,10/1/3,8/5/0,1/0/1,3/4/1,2/0/0,1/0/0
r308,1.0,0.0,0.1,False,181,38,23,61,2,True,,8/0/5,10/1/3,8/5/0,1/0/1,3/4/1,2/0/0,1/0/0
r309,1.0,0.0,0.15,True,181,38,23,61,2,True,,8/0/5,10/1/3,8/5/0,1/0/1,3/4/1,2/0/0,1/0/0
r310,1.0,0.0,0.15,False,181,38,23,61,2,True,,8/0/5,10/1/3,8/5/0,1/0/1,3/4/1,2/0/0,1/0/0
r311,1.0,0.0,0.2,True,181,38,23,61,2,True,,8/0/5,10/1/3,8/5/0,1/0/1,3/4/1,2/0/0,1/0/0
r312,1.0,0.0,0.2,False,181,38,23,61,2,True,,8/0/5,10/1/3,8/5/0,1/0/1,3/4/1,2/0/0,1/0/0
r313,1.0,0.03,0.03,True,181,38,25,63,0,True,,8/0/5,10/1/3,8/5/0,1/0/1,3/4/1,2/0/1,1/0/0
r314,1.0,0.03,0.03,False,181,38,25,63,0,True,,8/0/5,10/1/3,8/5/0,1/0/1,3/4/1,2/0/1,1/0/0
r315,1.0,0.03,0.05,True,181,38,25,63,0,True,,8/0/5,10/1/3,8/5/0,1/0/1,3/4/1,2/0/1,1/0/0
r316,1.0,0.03,0.05,False,181,38,25,63,0,True,,8/0/5,10/1/3,8/5/0,1/0/1,3/4/1,2/0/1,1/0/0
r317,1.0,0.03,0.08,True,181,38,25,63,0,True,,8/0/5,10/1/3,8/5/0,1/0/1,3/4/1,2/0/1,1/0/0
r318,1.0,0.03,0.08,False,181,38,25,63,0,True,,8/0/5,10/1/3,8/5/0,1/0/1,3/4/1,2/0/1,1/0/0
r319,1.0,0.03,0.1,True,181,38,24,62,1,True,,8/0/5,10/1/3,8/5/0,1/0/1,3/4/1,2/0/0,1/0/0
r320,1.0,0.03,0.1,False,181,38,24,62,1,True,,8/0/5,10/1/3,8/5/0,1/0/1,3/4/1,2/0/0,1/0/0
r321,1.0,0.03,0.15,True,181,38,24,62,1,True,,8/0/5,10/1/3,8/5/0,1/0/1,3/4/1,2/0/0,1/0/0
r322,1.0,0.03,0.15,False,181,38,24,62,1,True,,8/0/5,10/1/3,8/5/0,1/0/1,3/4/1,2/0/0,1/0/0
r323,1.0,0.03,0.2,True,181,38,24,62,1,True,,8/0/5,10/1/3,8/5/0,1/0/1,3/4/1,2/0/0,1/0/0
r324,1.0,0.03,0.2,False,181,38,24,62,1,True,,8/0/5,10/1/3,8/5/0,1/0/1,3/4/1,2/0/0,1/0/0
r325,1.0,0.05,0.03,True,181,38,25,63,0,True,,8/0/5,10/1/3,8/5/0,1/0/1,3/4/1,2/0/1,1/0/0
r326,1.0,0.05,0.03,False,181,38,25,63,0,True,,8/0/5,10/1/3,8/5/0,1/0/1,3/4/1,2/0/1,1/0/0
r327,1.0,0.05,0.05,True,181,38,25,63,0,True,,8/0/5,10/1/3,8/5/0,1/0/1,3/4/1,2/0/1,1/0/0
r328,1.0,0.05,0.05,False,181,38,25,63,0,True,,8/0/5,10/1/3,8/5/0,1/0/1,3/4/1,2/0/1,1/0/0
r329,1.0,0.05,0.08,True,181,38,25,63,0,True,,8/0/5,10/1/3,8/5/0,1/0/1,3/4/1,2/0/1,1/0/0
r330,1.0,0.05,0.08,False,181,38,25,63,0,True,,8/0/5,10/1/3,8/5/0,1/0/1,3/4/1,2/0/1,1/0/0
r331,1.0,0.05,0.1,True,181,38,24,62,1,True,,8/0/5,10/1/3,8/5/0,1/0/1,3/4/1,2/0/0,1/0/0
r332,1.0,0.05,0.1,False,181,38,24,62,1,True,,8/0/5,10/1/3,8/5/0,1/0/1,3/4/1,2/0/0,1/0/0
r333,1.0,0.05,0.15,True,181,38,24,62,1,True,,8/0/5,10/1/3,8/5/0,1/0/1,3/4/1,2/0/0,1/0/0
r334,1.0,0.05,0.15,False,181,38,24,62,1,True,,8/0/5,10/1/3,8/5/0,1/0/1,3/4/1,2/0/0,1/0/0
r335,1.0,0.05,0.2,True,181,38,24,62,1,True,,8/0/5,10/1/3,8/5/0,1/0/1,3/4/1,2/0/0,1/0/0
r336,1.0,0.05,0.2,False,181,38,24,62,1,True,,8/0/5,10/1/3,8/5/0,1/0/1,3/4/1,2/0/0,1/0/0
r337,1.0,0.08,0.03,True,181,38,25,63,0,True,,8/0/5,10/1/3,8/5/0,1/0/1,3/4/1,2/0/1,1/0/0
r338,1.0,0.08,0.03,False,181,38,25,63,0,True,,8/0/5,10/1/3,8/5/0,1/0/1,3/4/1,2/0/1,1/0/0
r339,1.0,0.08,0.05,True,181,38,25,63,0,True,,8/0/5,10/1/3,8/5/0,1/0/1,3/4/1,2/0/1,1/0/0
r340,1.0,0.08,0.05,False,181,38,25,63,0,True,,8/0/5,10/1/3,8/5/0,1/0/1,3/4/1,2/0/1,1/0/0
r341,1.0,0.08,0.08,True,181,38,25,63,0,True,,8/0/5,10/1/3,8/5/0,1/0/1,3/4/1,2/0/1,1/0/0
r342,1.0,0.08,0.08,False,181,38,25,63,0,True,,8/0/5,10/1/3,8/5/0,1/0/1,3/4/1,2/0/1,1/0/0
r343,1.0,0.08,0.1,True,181,38,24,62,1,True,,8/0/5,10/1/3,8/5/0,1/0/1,3/4/1,2/0/0,1/0/0
r344,1.0,0.08,0.1,False,181,38,24,62,1,True,,8/0/5,10/1/3,8/5/0,1/0/1,3/4/1,2/0/0,1/0/0
r345,1.0,0.08,0.15,True,181,38,24,62,1,True,,8/0/5,10/1/3,8/5/0,1/0/1,3/4/1,2/0/0,1/0/0
r346,1.0,0.08,0.15,False,181,38,24,62,1,True,,8/0/5,10/1/3,8/5/0,1/0/1,3/4/1,2/0/0,1/0/0
r347,1.0,0.08,0.2,True,181,38,24,62,1,True,,8/0/5,10/1/3,8/5/0,1/0/1,3/4/1,2/0/0,1/0/0
r348,1.0,0.08,0.2,False,181,38,24,62,1,True,,8/0/5,10/1/3,8/5/0,1/0/1,3/4/1,2/0/0,1/0/0
r349,1.0,0.1,0.03,True,181,38,25,63,0,True,,8/0/5,10/1/3,8/5/0,1/0/1,3/4/1,2/0/1,1/0/0
r350,1.0,0.1,0.03,False,181,38,25,63,0,True,,8/0/5,10/1/3,8/5/0,1/0/1,3/4/1,2/0/1,1/0/0
r351,1.0,0.1,0.05,True,181,38,25,63,0,True,,8/0/5,10/1/3,8/5/0,1/0/1,3/4/1,2/0/1,1/0/0
r352,1.0,0.1,0.05,False,181,38,25,63,0,True,,8/0/5,10/1/3,8/5/0,1/0/1,3/4/1,2/0/1,1/0/0
r353,1.0,0.1,0.08,True,181,38,25,63,0,True,,8/0/5,10/1/3,8/5/0,1/0/1,3/4/1,2/0/1,1/0/0
r354,1.0,0.1,0.08,False,181,38,25,63,0,True,,8/0/5,10/1/3,8/5/0,1/0/1,3/4/1,2/0/1,1/0/0
r355,1.0,0.1,0.1,True,181,38,25,63,0,True,,8/0/5,10/1/3,8/5/0,1/0/1,3/4/1,2/0/1,1/0/0
r356,1.0,0.1,0.1,False,181,38,25,63,0,True,,8/0/5,10/1/3,8/5/0,1/0/1,3/4/1,2/0/1,1/0/0
r357,1.0,0.1,0.15,True,181,38,25,63,0,True,,8/0/5,10/1/3,8/5/0,1/0/1,3/4/1,2/0/1,1/0/0
r358,1.0,0.1,0.15,False,181,38,25,63,0,True,,8/0/5,10/1/3,8/5/0,1/0/1,3/4/1,2/0/1,1/0/0
r359,1.0,0.1,0.2,True,181,38,25,63,0,True,,8/0/5,10/1/3,8/5/0,1/0/1,3/4/1,2/0/1,1/0/0
r360,1.0,0.1,0.2,False,181,38,25,63,0,True,,8/0/5,10/1/3,8/5/0,1/0/1,3/4/1,2/0/1,1/0/0
